user0,05d8faf93754540fa58d7434f7fef736d0d50f2f523678256e780bcac00cf2c1
user1,a53fb21cd3f280fb72b8c31df3c5b67746d3e210a64de64bfce717fde39d57d6
user2,e49dd74553112cb4eb6b4ed7237fbab97871d445f5f18a881e6cc2640357f117
user3,5357ad95b6071cea555ec946014679295b9521d92ffb64cc781ab2fcb51f9b9f
user4,710ffe19183f12a80e1f771b447f2a76bad2a3e8b26c3062b8f1ff59a2b7abf7
user5,6beaa71685176eb13f874bf349ccc97aea0f233f73f7f1c9531a08f49cd4e00d
user6,04f1c2ba6c246f25fe1995adb7e5c0a9a25b70a39d4325ae9cd98c65f4b852b4
user7,fc646c46336105a0e461f58694de7f12317c081ebf90992e658a0ac838d833f2
user8,ea95dea1f3df4515459850e4d53a92c6402b0a6a3828352e2e81c51934a234a0
user9,c638218da08559c5cdbc5bc8f3ccf1ad1454c213ab448b863cad1d7e51e9d515
