Lizeth,e119441d80e3584e71618894fa0f5b956cbdd129a5c2ccb52ff0917ec8bfb69b
Esteban,546991243c959e4a418d0a2c37d681e02e7a56b03087f095b782ea48b238d662
Andres,e826e04f039f2bc009d4f5ffefeaf606627c10b6d559a7f61e5770d34f5b25f6
Gabriel,a1d30e6d80acb0c4c1d0c491c9489837ff9cf148c82f158da3ae679606c79bb7
Sabrina,a17743a76050e7cf44ca87f63a8ca6a57b287b2e4547200164b7c41506e57a9b
Diego,9ab99ca5f2932888bd3f532246a736169840d15d84939c8dd53ffa71bbfe8d67
Tryhard,2c441464d4ef33e9d429bd22bb7264ffdcc9945839b13d254c829f461718dc35
Hackerman,5d5aa5617476159f284b7e1b8ca1a87188870137ed7bd05b626f9e27994c372a
Kendall,9a08efd39e424e46cd9683a481a51d2523e7e9ec419621cadd328f6c172ee90d
Samira,a7e3677cc0e4fd1eef69fc4ecfca32a08e3d56201e9749fce80e3f8e4310d2be
